True,Orig.,"Synth, no DP",DP 1,DP 2,DP 4,DP 8
5.0,4.102092480762966,19.829828056738542,5.633814472910345,8.710040918965896,-18.450889924676385,8.939464412910224
10.0,8.311867744412414,3.7744062956776654,10.775854637668935,-18.019338113927002,-17.470435762207842,-7.1041246062696395
-10.0,-8.251991395829526,6.122953849932165,8.529867052424194,10.167355491197076,13.528660471964738,25.156466637212105
-5.0,-4.154487702038445,-3.1803404845348466,9.956862051548294,2.969926160159002,10.92539043877094,-10.297283169922933
