True,Orig.,"Synth, no DP",DP 1,DP 5,DP 100,DP 1000000
5.0,2.0434821119696736,2.0243156982846995,0.6293393131685606,1.483626549747391,-4.058463973529425,-3.1247545797970857
10.0,4.7980633663419185,2.547410684624273,1.24975775283153,2.4394175758805132,-3.9456061674942684,-2.1341261982648017
-10.0,-5.014253805389316,-2.0296878230638375,1.2221006058137258,2.3788649224981464,-1.4101687589286451,-1.0348283630850958
-5.0,-2.922980274735784,-2.2726703251466125,1.3684774548827234,1.8527098296682476,-1.1488920638303137,-1.4356747095257587
