True,Orig.,"Synth, no DP",DP 1,DP 2,DP 4,DP 8
5.0,4.967007404422991,5.166543963302701,-8.546331635080595,5.0042934627327895,-26.77823140214436,12.337488709089206
10.0,9.980573353539103,13.196227567069595,-13.989733365640147,24.89166976568455,-36.427511083315636,-30.718940688765777
-10.0,-10.00154159331117,11.72214185948714,-7.443143216747102,15.00238674778225,4.769516454739402,25.38442400456003
-5.0,-4.987141776931853,12.38565087532469,-4.844677503744762,26.301428108561545,-21.21926716377215,4.766026162402373
