True,Orig.,"Synth, no DP",DP 1,DP 5,DP 100,DP 1000000
5.0,4.102092480762966,-0.955676583633537,3.0510690405473833,4.45569987144854,-2.4447250318661164,-2.6639461391892576
10.0,8.311867744412414,3.8640242515946124,0.9049680112169212,2.309068809598051,-2.3774932357828473,-0.8867153707576456
-10.0,-8.251991395829526,-7.317721704596852,1.4087216088393193,2.5231825026817765,-2.3624866800490394,-1.405965675820214
-5.0,-4.154487702038445,-1.1327055553236813,6.570701462716909,1.243214690252455,-4.427976516687682,-0.9734677818252498
