True,Orig.,"Synth, no DP",DP 1,DP 5,DP 100,DP 1000000
5.0,4.459919640291646,0.4072528715637164,2.3457498941360995,2.558867045003447,-0.2995131609411431,-1.4237109609311238
10.0,8.77970143192449,2.037922961858699,1.3242606146968106,2.159356758414223,-2.8389042625872203,-1.9152202784515096
-10.0,-8.852888683827194,-3.34355371485767,0.23138667761773504,2.731354492448109,-4.729526356785509,-0.6524083442243869
-5.0,-4.369273450726163,-1.8123708333464663,3.0894960106599796,0.7983314732351777,-2.77944078022644,-1.8899753072111283
