True,Orig.,"Synth, no DP",DP 1,DP 2,DP 4,DP 8
5.0,4.312699762936283,3.1975264811606805,-2.0751122546792806,1.122118975930505,-5.467884301909886,0.9972253574934059
10.0,8.898895335240935,-5.783101838202339,-3.0026019009398617,6.831347702585069,-5.957978678950774,-3.2534642164467833
-10.0,-8.771681026066094,0.18042011934316696,-0.3794445316136328,19.963278186069402,8.372873984764633,34.626880032332544
-5.0,-4.30189685529385,14.701057255167617,7.170534059048238,3.8862595010979346,20.992268079087832,19.823736670375563
